<?xml version="1.0" encoding="UTF-8"?>
<!DOCTYPE mapper PUBLIC "-//mybatis.org//DTD Mapper 3.0//EN" "http://mybatis.org/dtd/mybatis-3-mapper.dtd" >
<mapper namespace="com.sample.dao.NoticeDao">

	<select id="getAllNotices" resultType="Notice">
		select 
			id			as id, 
			title		as title, 
			category	as category, 
			regDate		as regDate, 
			adminid		as "admin.id", 
			badge		as badge
		from notice_main
		order by id DESC
	</select>

	<select id="getAllNoticeImages" resultType="String">
		select category, imagePath
		from images
		where category = 'notice';
	</select>
	
	<insert id="insertNoticeImages" parameterType="hashMap">
		insert into images
		(category, imagePath)
		values
		(#{category}, #{filename})
	</insert>
	
	
	<insert id="insertNoticeMain" parameterType="Notice">
		insert into notice_main
		(title, category, regDate, adminid, badge)
		values
		(#{title}, #{category}, now(), #{admin.id}, #{badge})
	</insert>
	
	<insert id="insertNoticeImagePath" parameterType="java.util.Map">
		<selectKey keyProperty="no" resultType="int" order="BEFORE">
			SELECT A.id
			FROM (SELECT id FROM notice_main ORDER BY id DESC LIMIT 1) A
		</selectKey>
		insert into notice_image_path
		(id, imagePath)
		values
		<foreach collection="list" item="item" index="index" open="(" separator="," close=")">
		#{no}, #{item}
		</foreach>
	</insert>
	
	<select id="getTotalRowsOfNoticeList" parameterType="map" resultType="int">
		select count(*) from notice_main
		<where>
			<if test="status != '전체'" >
				category like '%' || #{status} || '%'
			</if>
			<if test="keyword != ''">
				and keyword like '%' || #{keyword} || '%'
			</if>
		</where>
	</select>
	
</mapper>
