<?xml version="1.0" encoding="UTF-8"?>
<!DOCTYPE mapper PUBLIC "-//mybatis.org//DTD Mapper 3.0//EN" "http://mybatis.org/dtd/mybatis-3-mapper.dtd" >
<mapper namespace="com.sample.dao.PerformanceDao">

	<select id="getGenreById" parameterType="int" resultType="string">
		SELECT  
			genre
		FROM 
			performance_genre
		WHERE 
			id = #{value}
	</select>

	<resultMap type="PerformanceDetailDto" id="PerformanceDetailDtoResultMap">
		<id column="id" property="id"/>
		<result column="title" property="title"/>
		<result column="category" property="category"/>
		<result column="provider" property="provider"/>
		<result column="rating" property="rating"/>
		<result column="runningTime" property="runningTime"/>
		<result column="startDate" property="startDate"/>
		<result column="endDate" property="endDate"/>
		<result column="point" property="point"/>
		<result column="likes" property="likes"/>
		<result column="imagePath" property="imagePath"/>
		<result column="explain" property="explain"/>
		<result column="hallName" property="hallName"/>
		<result column="hallAddress" property="hallAddress"/>	
		<collection property="genres" select="getGenreById" column="id" ofType="string"/>
		
	</resultMap>
	
	<select id="getPerformancesByCategory" parameterType="string" resultMap="PerformanceDetailDtoResultMap">
		SELECT 
			distinct A.id 		as id, 
					A.title		as title, 
					A.category	as category, 
					A.provider	as provider,  
					A.rating	as rating, 
					A.runningTime	as runningTime, 
					A.startDate		as startDate, 
					A.endDate		as endDate, 
					A.point			as point, 
					A.likes			as likes, 
					A.imagePath		as imagePath, 
					A.`explain`		as `explain`, 
					C.name			as hallName, 
					C.address		as hallAddress					
		FROM 
			performance_info A
		JOIN 
			performance_main B ON A.id = B.infoId
		JOIN 
			hall_info_main C ON C.id =B.hallId
		WHERE 
			A.category=	#{value}
		ORDER BY 
			A.id	
	</select>

	<select id="getPerformanceById" parameterType="int" resultMap="PerformanceDetailDtoResultMap">
		SELECT 
			distinct A.id 		as id, 
					A.title		as title, 
					A.category	as category, 
					A.provider	as provider,  
					A.rating	as rating, 
					A.runningTime	as runningTime, 
					A.startDate		as startDate, 
					A.endDate		as endDate, 
					A.point			as point, 
					A.likes			as likes, 
					A.imagePath		as imagePath, 
					A.`explain`		as `explain`, 
					C.name			as hallName, 
					C.address		as hallAddress					
		FROM 
			performance_info A
		JOIN 
			performance_main B ON A.id = B.infoId
		JOIN 
			hall_info_main C ON C.id =B.hallId
		WHERE 
			A.id=	#{value}
		ORDER BY 
			A.id	
	</select>
	


<!--  
	<select id="selectPerformance" parameterType="int" resultType="Performance">
		select
			id,
			title,
			category,
			startDate,
			endDate,
			rating,
			runningTime,
			provider,
			point,
			likes,
			imagePath,
			`explain`
		from
			performance_info
		where
			id = #{value}
	</select>
-->	
	
	
</mapper>