<?xml version="1.0" encoding="UTF-8"?>
<beans xmlns="http://www.springframework.org/schema/beans"
	xmlns:xsi="http://www.w3.org/2001/XMLSchema-instance"
	xmlns:context="http://www.springframework.org/schema/context"
	xmlns:mvc="http://www.springframework.org/schema/mvc"
	xsi:schemaLocation="http://www.springframework.org/schema/mvc http://www.springframework.org/schema/mvc/spring-mvc-4.3.xsd
		http://www.springframework.org/schema/beans http://www.springframework.org/schema/beans/spring-beans.xsd
		http://www.springframework.org/schema/context http://www.springframework.org/schema/context/spring-context-4.3.xsd">

	<mvc:annotation-driven></mvc:annotation-driven>
	<mvc:resources mapping="/resources/**" location="/resources/" />
	<mvc:view-resolvers>
		<mvc:jsp prefix="/WEB-INF/views/" suffix=".jsp"/>
	</mvc:view-resolvers>
	
	<!--
		multipart요청(폼에서 첨부파일 업로드가 존재하는 요청)을 처리하는 CommonsMultipartResolver를 스프링의 빈으로 등록한다.
		CommonsMutipartResolver는 Apache commons-fileupload.jar.와 commons-io.jar를 이용해서
		multipart요청을 처리한다.
	-->	
	<bean id="multipartResolver" class="org.springframework.web.multipart.commons.CommonsMultipartResolver" />
	
	<!-- 첨부파일 업로드 경로를 지원하는 태그 -->
	<context:property-placeholder location="/WEB-INF/spring/imagePath.properties"/>
	
	<context:component-scan base-package="com.sample.web" />
	
	

</beans>
